{
  "timestamp": "2026-01-24T13:18:09.991474",
  "total_tested": 210,
  "top_candidates": [
    {
      "name": "sin_i2_tau",
      "generator": "sin_i2",
      "constant": "tau",
      "constant_value": 6.283185307179586,
      "metrics": {
        "shannon_entropy": 0.7578784625383954,
        "compression_ratio": 0.359375,
        "spectral_flatness": 0.010849127612192437,
        "pixel_std": 0.41339864235384227,
        "pixel_range": 1,
        "unique_values": 2
      },
      "score": {
        "total": 96.94097321323717,
        "entropy_component": 90.52651921827007,
        "compression_component": 100,
        "spectral_component": 98.91508723878076
      }
    },
    {
      "name": "sin_i2_2pi",
      "generator": "sin_i2",
      "constant": "2pi",
      "constant_value": 6.283185307179586,
      "metrics": {
        "shannon_entropy": 0.7578784625383954,
        "compression_ratio": 0.359375,
        "spectral_flatness": 0.010849127612192437,
        "pixel_std": 0.41339864235384227,
        "pixel_range": 1,
        "unique_values": 2
      },
      "score": {
        "total": 96.94097321323717,
        "entropy_component": 90.52651921827007,
        "compression_component": 100,
        "spectral_component": 98.91508723878076
      }
    },
    {
      "name": "sin_i3_tau",
      "generator": "sin_i3",
      "constant": "tau",
      "constant_value": 6.283185307179586,
      "metrics": {
        "shannon_entropy": 0.7855602922535472,
        "compression_ratio": 0.3489583333333333,
        "spectral_flatness": 0.01173943940062379,
        "pixel_std": 0.4236075534914362,
        "pixel_range": 1,
        "unique_values": 2
      },
      "score": {
        "total": 96.81936011603672,
        "entropy_component": 90.18049634683067,
        "compression_component": 100,
        "spectral_component": 98.82605605993761
      }
    },
    {
      "name": "sin_i3_2pi",
      "generator": "sin_i3",
      "constant": "2pi",
      "constant_value": 6.283185307179586,
      "metrics": {
        "shannon_entropy": 0.7855602922535472,
        "compression_ratio": 0.3489583333333333,
        "spectral_flatness": 0.01173943940062379,
        "pixel_std": 0.4236075534914362,
        "pixel_range": 1,
        "unique_values": 2
      },
      "score": {
        "total": 96.81936011603672,
        "entropy_component": 90.18049634683067,
        "compression_component": 100,
        "spectral_component": 98.82605605993761
      }
    },
    {
      "name": "sin_i_tau",
      "generator": "sin_i",
      "constant": "tau",
      "constant_value": 6.283185307179586,
      "metrics": {
        "shannon_entropy": 0.7943466904341505,
        "compression_ratio": 0.3229166666666667,
        "spectral_flatness": 0.012126877955530111,
        "pixel_std": 0.42682919267808084,
        "pixel_range": 1,
        "unique_values": 2
      },
      "score": {
        "total": 96.77866235176133,
        "entropy_component": 90.07066636957312,
        "compression_component": 100,
        "spectral_component": 98.78731220444699
      }
    },
    {
      "name": "sin_i_2pi",
      "generator": "sin_i",
      "constant": "2pi",
      "constant_value": 6.283185307179586,
      "metrics": {
        "shannon_entropy": 0.7943466904341505,
        "compression_ratio": 0.3229166666666667,
        "spectral_flatness": 0.012126877955530111,
        "pixel_std": 0.42682919267808084,
        "pixel_range": 1,
        "unique_values": 2
      },
      "score": {
        "total": 96.77866235176133,
        "entropy_component": 90.07066636957312,
        "compression_component": 100,
        "spectral_component": 98.78731220444699
      }
    },
    {
      "name": "sin_i_pi",
      "generator": "sin_i",
      "constant": "pi",
      "constant_value": 3.141592653589793,
      "metrics": {
        "shannon_entropy": 0.9999217273691174,
        "compression_ratio": 0.3385416666666667,
        "spectral_flatness": 0.010919147398863916,
        "pixel_std": 0.4999728725279892,
        "pixel_range": 1,
        "unique_values": 2
      },
      "score": {
        "total": 96.03191057438853,
        "entropy_component": 87.50097840788604,
        "compression_component": 100,
        "spectral_component": 98.90808526011361
      }
    },
    {
      "name": "sin_i2_pi",
      "generator": "sin_i2",
      "constant": "pi",
      "constant_value": 3.141592653589793,
      "metrics": {
        "shannon_entropy": 0.9987472979361685,
        "compression_ratio": 0.3645833333333333,
        "spectral_flatness": 0.012885184713494407,
        "pixel_std": 0.49956578367840837,
        "pixel_range": 1,
        "unique_values": 2
      },
      "score": {
        "total": 95.99699393846947,
        "entropy_component": 87.5156587757979,
        "compression_component": 100,
        "spectral_component": 98.71148152865055
      }
    },
    {
      "name": "sin_i3_pi",
      "generator": "sin_i3",
      "constant": "pi",
      "constant_value": 3.141592653589793,
      "metrics": {
        "shannon_entropy": 0.9992954443621549,
        "compression_ratio": 0.3802083333333333,
        "spectral_flatness": 0.013093102317362361,
        "pixel_std": 0.49975579974123363,
        "pixel_range": 1,
        "unique_values": 2
      },
      "score": {
        "total": 95.99078003729467,
        "entropy_component": 87.50880694547305,
        "compression_component": 100,
        "spectral_component": 98.69068976826377
      }
    },
    {
      "name": "sin_i3_3pi",
      "generator": "sin_i3",
      "constant": "3pi",
      "constant_value": 9.42477796076938,
      "metrics": {
        "shannon_entropy": 0.9999217273691174,
        "compression_ratio": 0.3697916666666667,
        "spectral_flatness": 0.01321586307466008,
        "pixel_std": 0.4999728725279892,
        "pixel_range": 1,
        "unique_values": 2
      },
      "score": {
        "total": 95.9859762608726,
        "entropy_component": 87.50097840788604,
        "compression_component": 100,
        "spectral_component": 98.678413692534
      }
    },
    {
      "name": "sin_i_3pi",
      "generator": "sin_i",
      "constant": "3pi",
      "constant_value": 9.42477796076938,
      "metrics": {
        "shannon_entropy": 0.9980423339710904,
        "compression_ratio": 0.2864583333333333,
        "spectral_flatness": 0.013890012966692566,
        "pixel_std": 0.4993213710599841,
        "pixel_range": 1,
        "unique_values": 2
      },
      "score": {
        "total": 95.97954098827456,
        "entropy_component": 87.52447082536136,
        "compression_component": 100,
        "spectral_component": 98.61099870333075
      }
    },
    {
      "name": "sin_i2_3pi",
      "generator": "sin_i2",
      "constant": "3pi",
      "constant_value": 9.42477796076938,
      "metrics": {
        "shannon_entropy": 0.9992954443621549,
        "compression_ratio": 0.375,
        "spectral_flatness": 0.015161373549630597,
        "pixel_std": 0.49975579974123363,
        "pixel_range": 1,
        "unique_values": 2
      },
      "score": {
        "total": 95.9494146126493,
        "entropy_component": 87.50880694547305,
        "compression_component": 100,
        "spectral_component": 98.48386264503695
      }
    },
    {
      "name": "cos_i2_pi_2",
      "generator": "cos_i2",
      "constant": "pi_2",
      "constant_value": 1.5707963267948966,
      "metrics": {
        "shannon_entropy": 1.3588709045848724,
        "compression_ratio": 0.2708333333333333,
        "spectral_flatness": 0.006268282451441437,
        "pixel_std": 63.59958234072713,
        "pixel_range": 128,
        "unique_values": 3
      },
      "score": {
        "total": 94.77886845877791,